"ticket_id","group_id","kind"
"SYN-001","P01","duplicate"
"SYN-002","P01","duplicate"
"SYN-003","P01","duplicate"
"SYN-004","P01","duplicate"
"SYN-005","P01","duplicate"
"SYN-006","P02","duplicate"
"SYN-007","P02","duplicate"
"SYN-008","P02","duplicate"
"SYN-009","P02","duplicate"
"SYN-010","P03","duplicate"
"SYN-011","P03","duplicate"
"SYN-012","P03","duplicate"
"SYN-013","P03","duplicate"
"SYN-014","P03","duplicate"
"SYN-015","P03","duplicate"
"SYN-016","P04","duplicate"
"SYN-017","P04","duplicate"
"SYN-018","P04","duplicate"
"SYN-019","P04","duplicate"
"SYN-020","P04","duplicate"
"SYN-021","P05","duplicate"
"SYN-022","P05","duplicate"
"SYN-023","P05","duplicate"
"SYN-024","P05","duplicate"
"SYN-025","P06","duplicate"
"SYN-026","P06","duplicate"
"SYN-027","P06","duplicate"
"SYN-028","P06","duplicate"
"SYN-029","P06","duplicate"
"SYN-030","P07","duplicate"
"SYN-031","P07","duplicate"
"SYN-032","P07","duplicate"
"SYN-033","P07","duplicate"
"SYN-034","P07","duplicate"
"SYN-035","P08","duplicate"
"SYN-036","P08","duplicate"
"SYN-037","P08","duplicate"
"SYN-038","P08","duplicate"
"SYN-039","P09","duplicate"
"SYN-040","P09","duplicate"
"SYN-041","P09","duplicate"
"SYN-042","P09","duplicate"
"SYN-043","P10","duplicate"
"SYN-044","P10","duplicate"
"SYN-045","P10","duplicate"
"SYN-046","P10","duplicate"
"SYN-047","P10","duplicate"
"SYN-048","P11","duplicate"
"SYN-049","P11","duplicate"
"SYN-050","P11","duplicate"
"SYN-051","P11","duplicate"
"SYN-052","P12","duplicate"
"SYN-053","P12","duplicate"
"SYN-054","P12","duplicate"
"SYN-055","P12","duplicate"
"SYN-056","P12","duplicate"
"SYN-057","P13","duplicate"
"SYN-058","P13","duplicate"
"SYN-059","P13","duplicate"
"SYN-060","P13","duplicate"
"SYN-061","P14","duplicate"
"SYN-062","P14","duplicate"
"SYN-063","P14","duplicate"
"SYN-064","P14","duplicate"
"SYN-065","P15","duplicate"
"SYN-066","P15","duplicate"
"SYN-067","P15","duplicate"
"SYN-068","P15","duplicate"
"SYN-069","P16","duplicate"
"SYN-070","P16","duplicate"
"SYN-071","P16","duplicate"
"SYN-072","P16","duplicate"
"SYN-073","P16","duplicate"
"SYN-074","P17","duplicate"
"SYN-075","P17","duplicate"
"SYN-076","P17","duplicate"
"SYN-077","P17","duplicate"
"SYN-078","P18","duplicate"
"SYN-079","P18","duplicate"
"SYN-080","P18","duplicate"
"SYN-081","P18","duplicate"
"SYN-082","P18","duplicate"
"SYN-001","R01","related"
"SYN-083","R01","related"
"SYN-001","R02","related"
"SYN-084","R02","related"
"SYN-006","R03","related"
"SYN-085","R03","related"
"SYN-006","R04","related"
"SYN-086","R04","related"
"SYN-010","R05","related"
"SYN-087","R05","related"
"SYN-016","R06","related"
"SYN-088","R06","related"
"SYN-021","R07","related"
"SYN-089","R07","related"
"SYN-021","R08","related"
"SYN-090","R08","related"
"SYN-025","R09","related"
"SYN-091","R09","related"
"SYN-030","R10","related"
"SYN-092","R10","related"
"SYN-030","R11","related"
"SYN-093","R11","related"
"SYN-035","R12","related"
"SYN-094","R12","related"
"SYN-039","R13","related"
"SYN-095","R13","related"
"SYN-043","R14","related"
"SYN-096","R14","related"
"SYN-043","R15","related"
"SYN-097","R15","related"
"SYN-048","R16","related"
"SYN-098","R16","related"
"SYN-052","R17","related"
"SYN-099","R17","related"
"SYN-057","R18","related"
"SYN-100","R18","related"
"SYN-061","R19","related"
"SYN-101","R19","related"
"SYN-065","R20","related"
"SYN-102","R20","related"
"SYN-069","R21","related"
"SYN-103","R21","related"
"SYN-074","R22","related"
"SYN-104","R22","related"
"SYN-078","R23","related"
"SYN-105","R23","related"
"SYN-016","R24","related"
"SYN-106","R24","related"
"SYN-052","R25","related"
"SYN-107","R25","related"
