"id","title","description","category","component","status","split"
"SYN-001","Не подключается VPN из дома, ошибка 809","После вчерашнего обновления Windows VPN перестал подключаться. Пишет: «Ошибка 809: не удалось установить сетевое подключение». Из дома работаю через домашний роутер, раньше всё было нормально.","Сеть и подключение","VPN","closed","holdout"
"SYN-002","VPN выдаёт ошибку 809","Пытаюсь зайти в сеть университета через VPN, клиент сразу выдаёт ошибку 809. Пробовал перезагрузить ноутбук — не помогло.","Сеть и подключение","VPN","resolved","holdout"
"SYN-003","Не могу удалённо подключиться к сети вуза","С сегодняшнего утра не получается подключиться к университетской сети из дома. Подключение висит, потом отваливается с кодом 809. Мне нужен доступ к внутренним ресурсам для работы.","Сеть и подключение","VPN","new","holdout"
"SYN-004","впн не работает после обновления винды","обновилась винда и всё, впн не подключается((( ошибка 809 вроде. что делать?","Сеть и подключение","VPN","new","holdout"
"SYN-005","Удалённый доступ: ошибка подключения 809","Прошу помочь с удалённым доступом. При подключении появляется сообщение «Не удалось установить сетевое подключение между компьютером и VPN-сервером», код 809. Сотрудник кафедры, работаю дистанционно.","Сеть и подключение","Проводная сеть","new","holdout"
"SYN-006","Wi-Fi eduroam не принимает пароль после смены","Сменил пароль от учётной записи, после этого телефон и ноутбук не подключаются к eduroam — пишет «неверный пароль», хотя новый пароль точно правильный.","Сеть и подключение","Wi-Fi","closed","holdout"
"SYN-007","Не подключается к Wi-Fi в корпусе","В корпусе на Таллинской не могу подключиться к университетскому Wi-Fi: постоянно просит ввести пароль заново. На прошлой неделе менял пароль от личного кабинета.","Сеть и подключение","Wi-Fi","resolved","holdout"
"SYN-008","eduroam: ошибка аутентификации","При подключении к сети eduroam появляется «Ошибка аутентификации». Логин ввожу в виде login@edu.hse.ru, пароль новый, недавно обновлял по требованию системы.","Сеть и подключение","Wi-Fi","new","holdout"
"SYN-009","не пускает в вайфай","после смены пароля не пускает в вайфай универа ни с телефона ни с ноута. старый пароль тоже не подходит","Учётные записи и доступ","Единая учётная запись","new","holdout"
"SYN-010","Не приходит письмо для сброса пароля","Забыл пароль от единой учётной записи, нажал «Восстановить пароль», но письмо со ссылкой так и не пришло, ни во «Входящие», ни в «Спам». Ждал больше часа.","Учётные записи и доступ","Единая учётная запись","closed","tune"
"SYN-011","Ссылка для восстановления пароля не приходит","Пытаюсь восстановить доступ к учётной записи, указываю личную почту, система пишет, что письмо отправлено, но его нет. Пробовал три раза.","Учётные записи и доступ","Единая учётная запись","resolved","tune"
"SYN-012","Не могу восстановить пароль","Не помню пароль от входа в систему. Восстановление через почту не работает — письмо не приходит. Подскажите, как восстановить доступ, у меня завтра экзамен в LMS.","Учебные системы","LMS Moodle","new","tune"
"SYN-013","Сброс пароля: письмо не доходит","Прошу проверить отправку писем для сброса пароля: запросил сброс в 9:40, письма до сих пор нет. Адрес личной почты в профиле указан верно.","Учётные записи и доступ","Единая учётная запись","new","tune"
"SYN-014","помогите с паролем","забыла пароль, восстановление не приходит на почту. что делать?","Учётные записи и доступ","Единая учётная запись","new","tune"
"SYN-015","Нет письма со ссылкой сброса пароля учётной записи","Сотрудник отдела кадров. Не могу войти в учётную запись: пароль истёк, а письмо для смены пароля не поступает на резервный адрес.","Учётные записи и доступ","Единая учётная запись","new","tune"
"SYN-016","Outlook постоянно запрашивает пароль","С утра Outlook каждые несколько минут выводит окно «Требуется пароль». Ввожу пароль — окно закрывается и снова появляется. Новые письма не приходят.","Электронная почта","Почта Outlook","closed","holdout"
"SYN-017","Почта не синхронизируется, просит пароль","В Outlook на рабочем компьютере перестала обновляться почта, внизу статус «Требуется пароль». В веб-версии почты всё работает.","Электронная почта","Почта Outlook","resolved","holdout"
"SYN-018","Бесконечный запрос пароля в почтовом клиенте","Почтовый клиент на ноутбуке бесконечно спрашивает пароль от почты, хотя пароль верный. Отправка писем тоже не работает.","Электронная почта","Почта Outlook","new","holdout"
"SYN-019","Outlook: «Требуется пароль», письма не приходят","Прошу помочь: Outlook не получает письма и показывает «Требуется пароль». Пароль менял две недели назад, до сегодняшнего дня всё работало.","Учётные записи и доступ","Единая учётная запись","new","holdout"
"SYN-020","аутлук просит пароль","аутлук всё время просит пароль и не грузит письма. в браузере почта открывается","Электронная почта","Почта Outlook","new","holdout"
"SYN-021","Принтер в кабинете 305 не печатает","Отправляю документы на печать на принтер в 305 кабинете — задания висят в очереди со статусом «Ошибка», ничего не печатается. Бумага есть, принтер включён.","Оборудование и печать","Принтеры","closed","tune"
"SYN-022","Задания печати зависают в очереди","На третьем этаже, кабинет 305, печать не идёт: документы стоят в очереди и не печатаются. Перезагрузка компьютера не помогла.","Оборудование и печать","Принтеры","resolved","tune"
"SYN-023","Сетевой принтер 3 этажа: ошибка печати","Сетевой принтер на третьем этаже показывает в очереди «Ошибка — печать». Не печатает ни у меня, ни у коллег.","Оборудование и печать","Принтеры","new","tune"
"SYN-024","Не печатает принтер, очередь стоит","Не могу распечатать договоры, принтер в 305 не реагирует, в очереди копятся задания. Очень срочно, нужны документы к 15:00.","Оборудование и печать","Рабочие станции","new","tune"
"SYN-025","Проектор в аудитории 402 не видит ноутбук","Подключаю ноутбук к проектору в аудитории 402 через HDMI — на проекторе надпись «Нет сигнала». С другим ноутбуком то же самое.","Оборудование и печать","Оборудование аудиторий","closed","tune"
"SYN-026","Нет изображения на проекторе в 402","В аудитории 402 не выводится изображение на проектор: кабель HDMI подключён, источник выбран правильно, но экран синий с надписью «No signal».","Оборудование и печать","Оборудование аудиторий","resolved","tune"
"SYN-027","Проектор 402: No signal через HDMI","Преподаватель. На паре в 402 не смог показать презентацию: проектор не видит ноутбук по HDMI. Прошу проверить кабель или проектор до следующего занятия в четверг.","Оборудование и печать","Оборудование аудиторий","new","tune"
"SYN-028","не работает проектор в 402","в 402 проектор не показывает изображение с ноута, пишет нет сигнала","Оборудование и печать","Рабочие станции","new","tune"
"SYN-029","Аудитория 402: не выводится картинка на экран","Во время лекции в аудитории 402 не удалось вывести изображение на экран. Проектор включается, но сигнал с компьютера не принимает.","Оборудование и печать","Оборудование аудиторий","new","tune"
"SYN-030","Moodle: не загружается файл задания","При загрузке ответа на задание в Moodle появляется ошибка «Превышен максимальный размер файла». Файл весит 25 МБ, это отчёт с фотографиями.","Учебные системы","LMS Moodle","closed","tune"
"SYN-031","Не могу прикрепить отчёт в LMS","Пытаюсь сдать лабораторную в LMS, при прикреплении файла пишет, что файл слишком большой. Срок сдачи сегодня до 23:59.","Учебные системы","LMS Moodle","resolved","tune"
"SYN-032","Ошибка «Превышен максимальный размер файла» в LMS","Студенты моей группы не могут загрузить курсовые работы в LMS: система пишет «Превышен максимальный размер файла». Прошу увеличить лимит для курса «Схемотехника».","Учебные системы","LMS Moodle","new","tune"
"SYN-033","лмс не принимает большой файл","не загружается файл в лмс, пишет превышен размер. сжимать некуда, там видео","Учебные системы","LMS Moodle","new","tune"
"SYN-034","Проблема со сдачей задания в электронном курсе","При отправке задания в электронном курсе файл не прикрепляется, появляется сообщение о превышении допустимого размера. Как быть?","Учебные системы","Личный кабинет","new","tune"
"SYN-035","Расписание на следующую неделю пустое","В электронном расписании на следующую неделю не отображается ни одного занятия для группы БИВ-231. На текущую неделю всё есть.","Учебные системы","Электронное расписание","closed","holdout"
"SYN-036","Не отображаются пары в расписании","Открываю расписание на сайте, переключаю на следующую неделю — пусто. У одногруппников то же самое.","Учебные системы","Электронное расписание","resolved","holdout"
"SYN-037","В расписании нет занятий с понедельника","Начиная со следующего понедельника в расписании нет ни одной пары. Это ошибка или расписание ещё не опубликовано?","Учебные системы","Электронное расписание","new","holdout"
"SYN-038","Пропало расписание","пропало расписание на след неделю в приложении и на сайте","Учебные системы","Личный кабинет","new","holdout"
"SYN-039","1С не запускается: не обнаружена лицензия","При запуске 1С: Бухгалтерия появляется сообщение «Не обнаружена лицензия для использования программного продукта». Вчера работало.","Корпоративные приложения","1С: Бухгалтерия","closed","tune"
"SYN-040","Ошибка лицензии при входе в 1С","Сотрудники бухгалтерии не могут войти в 1С — пишет, что лицензия не найдена. Работа отдела стоит, просим срочно помочь.","Корпоративные приложения","1С: Бухгалтерия","resolved","tune"
"SYN-041","1С: «Не обнаружена лицензия»","С утра 1С выдаёт «Не обнаружена лицензия» на всех трёх компьютерах бухгалтерии.","Программное обеспечение","Лицензии ПО","new","tune"
"SYN-042","Не входит в бухгалтерскую программу","Не могу зайти в 1С, вылезает окно про лицензию и программа закрывается.","Корпоративные приложения","1С: Бухгалтерия","new","tune"
"SYN-043","Teams бесконечно загружается при входе","Microsoft Teams после ввода логина показывает бесконечную загрузку и не открывается. Переустановка не помогла.","Корпоративные приложения","Microsoft Teams","closed","tune"
"SYN-044","Не могу войти в Microsoft Teams","При входе в Teams крутится загрузка, через пару минут появляется ошибка и всё начинается заново. Через браузер вход работает.","Корпоративные приложения","Microsoft Teams","resolved","tune"
"SYN-045","Teams не открывается, крутится загрузка","У меня через 10 минут онлайн-занятие, а Teams не открывается — бесконечная загрузка после входа. Помогите!","Корпоративные приложения","Microsoft Teams","new","tune"
"SYN-046","тимс не запускается","тимс висит на загрузке после входа, уже час не могу войти","Учётные записи и доступ","Единая учётная запись","new","tune"
"SYN-047","Приложение Teams зависает на экране загрузки","Классическое приложение Teams на рабочем компьютере зависает на экране загрузки после авторизации. Кэш очищал по инструкции с сайта — без изменений.","Корпоративные приложения","Microsoft Teams","new","tune"
"SYN-048","Антивирус блокирует запуск MATLAB","При запуске MATLAB в компьютерном классе антивирус выводит предупреждение об угрозе и удаляет исполняемый файл. Студенты не могут выполнить лабораторную.","Программное обеспечение","Антивирус","closed","tune"
"SYN-049","MATLAB помечается как вирус","Антивирус считает MATLAB вредоносной программой и помещает его в карантин. Прошу добавить в исключения на компьютерах кафедры.","Программное обеспечение","Антивирус","resolved","tune"
"SYN-050","Не запускается MATLAB, ругается антивирус","Не получается открыть MATLAB: всплывает окно антивируса «Обнаружена угроза», и программа не стартует.","Программное обеспечение","Установка ПО","new","tune"
"SYN-051","Карантин антивируса удаляет файлы MATLAB","После обновления антивирусных баз файлы MATLAB попадают в карантин. Пара по численным методам сорвана, просим срочно разобраться.","Программное обеспечение","Антивирус","new","tune"
"SYN-052","Компьютеры класса 210 не входят в домен","В компьютерном классе 210 при входе под учётной записью пишет «Отношения доверия между этой рабочей станцией и основным доменом нарушены». Так на всех машинах.","Оборудование и печать","Рабочие станции","closed","holdout"
"SYN-053","Ошибка доверия домена в аудитории 210","В аудитории 210 студенты не могут войти в компьютеры: ошибка про нарушенные отношения доверия с доменом.","Оборудование и печать","Рабочие станции","resolved","holdout"
"SYN-054","Не могу залогиниться на компьютере в 210","В 210 аудитории компьютер не пускает под моей учёткой, пишет что-то про домен и отношения доверия.","Учётные записи и доступ","Единая учётная запись","new","holdout"
"SYN-055","Класс 210: нарушены отношения доверия","Преподаватель. В классе 210 ни один компьютер не принимает учётные записи студентов — сообщение о нарушении отношений доверия с доменом. Занятие в 13:00.","Оборудование и печать","Рабочие станции","new","holdout"
"SYN-056","в 210 не входит ни один комп","в 210 ни на одном компе нельзя войти, ошибка домена","Оборудование и печать","Рабочие станции","new","holdout"
"SYN-057","Нет доступа к общей папке кафедры","При открытии сетевой папки кафедры \\fs01\kaf_es появляется «Нет доступа». Вчера папка открывалась.","Учётные записи и доступ","Сетевые папки","closed","tune"
"SYN-058","Не открывается сетевой диск кафедры","Сетевой диск K: с документами кафедры отключился и при подключении пишет, что доступ запрещён.","Учётные записи и доступ","Сетевые папки","resolved","tune"
"SYN-059","Отказано в доступе к сетевой папке","Не могу открыть общую папку подразделения: «У вас нет разрешения на доступ». Работаю на кафедре давно, доступ был.","Учётные записи и доступ","Единая учётная запись","new","tune"
"SYN-060","Пропал доступ к папке fs01","Пропал доступ к \\fs01\kaf_es, у коллег тоже. Нужны файлы для отчёта.","Учётные записи и доступ","Сетевые папки","new","tune"
"SYN-061","Не могу подписать документ ЭЦП в СЭД","В системе электронного документооборота при подписании документа появляется ошибка «Сертификат недействителен». Сертификат получал в прошлом месяце.","Корпоративные приложения","Электронный документооборот","closed","holdout"
"SYN-062","Ошибка сертификата при подписании в документообороте","При попытке подписать приказ электронной подписью система документооборота пишет, что сертификат не прошёл проверку.","Корпоративные приложения","Электронный документооборот","resolved","holdout"
"SYN-063","ЭЦП не работает в СЭД","Не проходит подпись в СЭД — ошибка проверки сертификата. Токен вставлен, ПИН-код вводится.","Корпоративные приложения","Электронный документооборот","new","holdout"
"SYN-064","Подпись документа: сертификат недействителен","Не получается подписать служебную записку: «Сертификат недействителен или не найден». Прошу помочь, документ нужно отправить сегодня.","Программное обеспечение","Установка ПО","new","holdout"
"SYN-065","Не уходят письма с большими вложениями","Письма с вложениями больше 10 МБ не отправляются — через минуту приходит уведомление о недоставке.","Электронная почта","Почта Outlook","closed","tune"
"SYN-066","Возвращаются письма с вложениями","Отправляю презентацию 18 МБ коллеге из другого вуза, письмо возвращается с ошибкой «Message size exceeds limit».","Электронная почта","Почта Outlook","resolved","tune"
"SYN-067","Ограничение размера вложения в почте","Какой максимальный размер вложения в нашей почте? Письма с файлами 12–15 МБ не доходят до адресатов.","Электронная почта","Почта Outlook","new","tune"
"SYN-068","письмо с файлом не отправляется","не отправляется письмо с архивом 20 мб, приходит отбивка","Электронная почта","Почта Outlook","new","tune"
"SYN-069","Не отображаются оценки за сессию в личном кабинете","В личном кабинете студента не видно оценок за зимнюю сессию, хотя преподаватели сказали, что всё выставлено.","Учебные системы","Личный кабинет","closed","holdout"
"SYN-070","Пустая ведомость в личном кабинете","Раздел «Успеваемость» в личном кабинете пустой — нет ни одной оценки за последнюю сессию.","Учебные системы","Личный кабинет","resolved","holdout"
"SYN-071","Оценки не появились в кабинете","Прошла неделя после экзаменов, а оценки в кабинете так и не появились. У других групп они есть.","Учебные системы","LMS Moodle","new","holdout"
"SYN-072","Не вижу оценки в личном кабинете","не вижу свои оценки за сессию в лк, раньше всё отображалось","Учебные системы","Личный кабинет","new","holdout"
"SYN-073","Успеваемость не обновляется в личном кабинете","В личном кабинете не обновилась успеваемость после сессии: отображаются только оценки за прошлый год.","Учебные системы","Личный кабинет","new","holdout"
"SYN-074","Office: нелицензированный продукт","На рабочем ноутбуке в Word и Excel вверху появилась надпись «Нелицензированный продукт», редактирование заблокировано.","Программное обеспечение","Лицензии ПО","closed","tune"
"SYN-075","Слетела активация Microsoft Office","После переустановки Windows Microsoft Office пишет, что продукт не активирован. Ноутбук выдан университетом.","Программное обеспечение","Лицензии ПО","resolved","tune"
"SYN-076","Word не даёт редактировать документы","Word открывает документы только для чтения и требует активации. Нужно срочно доделать отчёт.","Программное обеспечение","Установка ПО","new","tune"
"SYN-077","Требуется активация Office на рабочем ноутбуке","Прошу активировать Microsoft Office на служебном ноутбуке, инвентарный номер 0451. Сейчас Office сообщает, что лицензия не найдена.","Программное обеспечение","Лицензии ПО","new","tune"
"SYN-078","Нет проводного интернета в общежитии №3","В общежитии №3 со вчерашнего вечера не работает проводной интернет во всех комнатах на нашем этаже.","Сеть и подключение","Проводная сеть","closed","tune"
"SYN-079","Общежитие 3: интернет не работает","В общаге №3 пропал интернет по кабелю, у соседей тоже. Роутеры перезагружали.","Сеть и подключение","Проводная сеть","resolved","tune"
"SYN-080","Отсутствует подключение к сети в общежитии","В общежитии на улице Студенческой (корпус 3) отсутствует подключение к проводной сети с 21:00. Сетевой индикатор на розетке не горит.","Сеть и подключение","Проводная сеть","new","tune"
"SYN-081","интернет в общаге","в 3 общаге нет инета по проводу уже сутки, когда починят?","Сеть и подключение","Wi-Fi","new","tune"
"SYN-082","Нет сети по кабелю в общежитии №3","Сообщаю, что в общежитии №3 нет доступа к интернету через кабель на 2, 3 и 4 этажах.","Сеть и подключение","Проводная сеть","new","tune"
"SYN-083","VPN подключается, но внутренние сайты не открываются","VPN подключается без ошибок, но внутренний портал и сетевые папки не открываются — браузер пишет, что сайт не найден.","Сеть и подключение","VPN","resolved","holdout"
"SYN-084","Очень медленный VPN","VPN работает, но скорость очень низкая: файлы с сетевого диска копируются по 100 КБ/с.","Сеть и подключение","VPN","in_progress","holdout"
"SYN-085","Гостевой Wi-Fi для участников конференции","На следующей неделе проводим конференцию, нужен гостевой доступ к Wi-Fi для 40 участников. Как его получить?","Сеть и подключение","Wi-Fi","new","holdout"
"SYN-086","Слабый сигнал Wi-Fi в аудитории 115","В аудитории 115 Wi-Fi постоянно пропадает, сигнал очень слабый. Подключиться получается, но через минуту связь рвётся.","Сеть и подключение","Wi-Fi","closed","holdout"
"SYN-087","Сменить номер телефона для двухфакторной аутентификации","Поменял номер телефона, а коды подтверждения для входа приходят на старый. Как изменить номер в учётной записи?","Учётные записи и доступ","Единая учётная запись","resolved","tune"
"SYN-088","Outlook не показывает общий календарь кафедры","В Outlook пропал общий календарь кафедры, хотя ещё неделю назад он отображался. Мои письма приходят нормально.","Электронная почта","Почта Outlook","in_progress","holdout"
"SYN-089","Закончился картридж в принтере 305","В принтере кабинета 305 закончился тонер, печатает очень бледно. Прошу заменить картридж.","Оборудование и печать","Принтеры","new","tune"
"SYN-090","Как печатать на принтер кафедры с личного ноутбука","Подскажите, как подключить личный ноутбук к принтеру в кабинете 305?","Оборудование и печать","Принтеры","closed","tune"
"SYN-091","В аудитории 402 не работает звук","В аудитории 402 изображение на проектор выводится, но звук из колонок не идёт — видео на лекции без звука.","Оборудование и печать","Оборудование аудиторий","resolved","tune"
"SYN-092","Не вижу курс по выбору в Moodle","Записался на курс по выбору, но в Moodle он у меня не отображается, хотя у одногруппников есть.","Учебные системы","LMS Moodle","in_progress","tune"
"SYN-093","Добавить ассистента в курс LMS","Прошу добавить учебного ассистента в мой курс в LMS с правами проверки заданий.","Учебные системы","LMS Moodle","new","tune"
"SYN-094","Неправильная аудитория в расписании","В расписании у пары по физике в среду указана аудитория 501, а занятие на самом деле в 305. Прошу исправить.","Учебные системы","Электронное расписание","closed","holdout"
"SYN-095","1С очень медленно формирует отчёт","1С: Бухгалтерия формирует оборотно-сальдовую ведомость больше 20 минут, раньше было за минуту.","Корпоративные приложения","1С: Бухгалтерия","resolved","tune"
"SYN-096","Не сохраняется запись встречи в Teams","Записал встречу в Teams, но запись нигде не появилась — ни в чате, ни в OneDrive.","Корпоративные приложения","Microsoft Teams","in_progress","tune"
"SYN-097","Teams не присылает уведомления","Перестали приходить уведомления о сообщениях в Teams, пропускаю сообщения от студентов.","Корпоративные приложения","Microsoft Teams","new","tune"
"SYN-098","Антивирус требует обновить базы","Антивирус на рабочем компьютере каждый час показывает сообщение «Базы устарели», обновление не проходит.","Программное обеспечение","Антивирус","closed","tune"
"SYN-099","Установить Python в классе 210","Для курса «Программирование» прошу установить Python 3.12 и VS Code на компьютеры в классе 210.","Программное обеспечение","Установка ПО","resolved","holdout"
"SYN-100","Выдать доступ к папке кафедры новому сотруднику","Прошу предоставить новому сотруднику Иванову И.И. доступ к сетевой папке кафедры на чтение и запись.","Учётные записи и доступ","Сетевые папки","in_progress","tune"
"SYN-101","Истекает сертификат электронной подписи","Через неделю истекает срок действия моего сертификата ЭЦП. Как его продлить, чтобы не прерывать работу в СЭД?","Корпоративные приложения","Электронный документооборот","new","holdout"
"SYN-102","Мои письма попадают в спам","Внешние адресаты сообщают, что мои письма с университетского адреса попадают у них в спам.","Электронная почта","Почта Outlook","closed","tune"
"SYN-103","В личном кабинете указана неверная группа","В личном кабинете у меня указана группа БИВ-232 вместо БИВ-231, из-за этого неправильное расписание.","Учебные системы","Личный кабинет","resolved","holdout"
"SYN-104","Нужна лицензия Microsoft Visio","Для работы над схемами процессов прошу выдать лицензию Microsoft Visio на служебный ноутбук.","Программное обеспечение","Лицензии ПО","in_progress","tune"
"SYN-105","Слабый Wi-Fi в общежитии №3","В общежитии №3 Wi-Fi есть, но очень медленный по вечерам, видеолекции не грузятся. Кабельный интернет работает.","Сеть и подключение","Wi-Fi","new","tune"
"SYN-106","Настроить почту на телефоне","Подскажите, как настроить университетскую почту в почтовом приложении на телефоне Android?","Электронная почта","Почта Outlook","closed","holdout"
"SYN-107","Компьютер в классе 210 не включается","Компьютер у окна в классе 210 (место 14) не включается, индикатор питания не горит.","Оборудование и печать","Рабочие станции","resolved","holdout"
"SYN-108","Не работает мышь на рабочем месте","Беспроводная мышь перестала реагировать, батарейки менял.","Оборудование и печать","Рабочие станции","closed","tune"
"SYN-109","Заблокированы USB-порты","На рабочем компьютере не видно флешку — похоже, USB-накопители заблокированы. Нужно перенести файлы для доклада.","Оборудование и печать","Рабочие станции","resolved","tune"
"SYN-110","Установить LaTeX","Прошу установить дистрибутив TeX Live и редактор TeXstudio на мой рабочий компьютер.","Программное обеспечение","Установка ПО","in_progress","holdout"
"SYN-111","Запрос второго монитора","Прошу выдать второй монитор для рабочего места в кабинете 212, работаю с большими таблицами.","Оборудование и печать","Рабочие станции","new","holdout"
"SYN-112","Не работает веб-камера на ноутбуке","Встроенная веб-камера на служебном ноутбуке показывает чёрный экран во всех приложениях.","Оборудование и печать","Рабочие станции","closed","tune"
"SYN-113","Нет доступа к базе Scopus","Из сети университета не открывается полный текст статей в Scopus, пишет, что доступа нет.","Учётные записи и доступ","Единая учётная запись","resolved","holdout"
"SYN-114","Переустановить операционную систему","Ноутбук сильно тормозит и выдаёт ошибки при загрузке, прошу переустановить Windows с сохранением данных.","Оборудование и печать","Рабочие станции","in_progress","tune"
"SYN-115","Создать рассылку для студенческой группы","Прошу создать почтовую рассылку для группы БИВ-241, чтобы отправлять объявления сразу всем.","Электронная почта","Почта Outlook","new","holdout"
"SYN-116","Принтер в 101 печатает с полосами","Принтер в кабинете 101 печатает с серыми полосами по всему листу.","Оборудование и печать","Принтеры","closed","tune"
"SYN-117","Неправильное время на компьютере","На компьютере в кабинете 208 время отстаёт на 7 минут, из-за этого не проходит вход на некоторые сайты.","Оборудование и печать","Рабочие станции","resolved","holdout"
"SYN-118","Выдать ноутбук на время командировки","Прошу выдать ноутбук на время командировки с 14 по 21 число.","Оборудование и печать","Рабочие станции","in_progress","tune"
"SYN-119","Удалить учётную запись уволенного сотрудника","Прошу заблокировать учётную запись сотрудника Петровой А.А. в связи с увольнением.","Учётные записи и доступ","Единая учётная запись","new","tune"
"SYN-120","Настроить два монитора","Подключил второй монитор, но изображение дублируется. Как сделать расширенный рабочий стол?","Оборудование и печать","Рабочие станции","closed","holdout"
"SYN-121","Не работает QR-код пропуска","Турникет на входе в корпус не считывает QR-код из приложения, приходится проходить через охрану.","Учётные записи и доступ","Единая учётная запись","resolved","tune"
"SYN-122","Опечатка на сайте факультета","На странице факультета в разделе «Контакты» указан неверный номер телефона деканата.","Программное обеспечение","Установка ПО","in_progress","tune"
"SYN-123","Установить Zoom на компьютер в аудитории 305","Для гибридного семинара нужен Zoom на компьютере преподавателя в аудитории 305.","Программное обеспечение","Установка ПО","new","tune"
"SYN-124","Не работает клавиатура","На клавиатуре в кабинете 212 не работают клавиши с цифрами справа.","Оборудование и печать","Рабочие станции","closed","tune"
"SYN-125","Восстановить удалённое письмо","Случайно удалил важное письмо из почты и очистил корзину. Можно ли его восстановить?","Электронная почта","Почта Outlook","resolved","holdout"
"SYN-126","Доступ к системе антиплагиата","Прошу предоставить доступ к системе проверки на заимствования для научного руководителя.","Учётные записи и доступ","Единая учётная запись","in_progress","tune"
"SYN-127","Сломался замок кабинета","В кабинете 314 не закрывается электронный замок, карта не срабатывает.","Оборудование и печать","Оборудование аудиторий","new","holdout"
"SYN-128","Подключить телефон к IP-телефонии","Прошу подключить новый стационарный телефон в кабинете 220 и присвоить внутренний номер.","Сеть и подключение","Проводная сеть","closed","holdout"
"SYN-129","Не открывается сайт библиотеки","Сайт электронной библиотеки не открывается ни из сети вуза, ни из дома, браузер показывает ошибку 502.","Программное обеспечение","Установка ПО","resolved","tune"
